{"Thread pool": 3.255056858062744, "Process pool": 0.5083162784576416, "Separate processes": 0.2072434425354004}