{"Thread pool": 0.12277460098266602, "Process pool": 0.1628100872039795}